Parcel ID,Address,City,County
1331228310, 701 BENTON CIR ,SLATER,STORY
1331210210, 637 GREENE ST ,SLATER,STORY
1331228210, 705 TAMA CIR ,SLATER,STORY
1331220100, 608 8TH AVE ,SLATER,STORY
1331220080, 604 8TH AVE ,SLATER,STORY
1331245140, 202 8TH AVE ,SLATER,STORY
1331245160, 104 8TH AVE ,SLATER,STORY
1331228190, 706 MARSHALL ST ,SLATER,STORY
1331220140, 900 FOUR MILE DR ,SLATER,STORY
1331212230, 638 GREENE ST ,SLATER,STORY
1331228260, 700 TAMA CIR ,SLATER,STORY
1331228270, 705 BENTON CIR ,SLATER,STORY
1331228320, 700 BENTON CIR ,SLATER,STORY
1331220110, 610 8TH AVE ,SLATER,STORY
1331245135, 204 8TH AVE ,SLATER,STORY
1331220130, 614 8TH AVE ,SLATER,STORY
1331228200, 708 MARSHALL ST ,SLATER,STORY
1331228335, 101 8TH AVE ,SLATER,STORY
1331245180, 100 8TH AVE ,SLATER,STORY
1331245280, 305 9TH AVE ,SLATER,STORY
1331210300, 804 S CARROLL ST ,SLATER,STORY
1331227230, 605 MARSHALL ST ,SLATER,STORY
1331205030, 807 S CARROLL ST ,SLATER,STORY
1331205050, 811 S CARROLL ST ,SLATER,STORY
1331290170, 108 10TH AVE ,SLATER,STORY
1331212156, 612 GREENE ST ,SLATER,STORY
1331205040, 809 S CARROLL ST ,SLATER,STORY
1331228140, 608 MARSHALL ST ,SLATER,STORY
1331205020, 805 S CARROLL ST ,SLATER,STORY
1331210310, 802 S CARROLL ST ,SLATER,STORY
1331210126, 607 GREENE ST ,SLATER,STORY
1331210146, 611 GREENE ST ,SLATER,STORY
1331227220, 607 MARSHALL ST ,SLATER,STORY
1331228130, 606 MARSHALL ST ,SLATER,STORY
1331210290, 806 S CARROLL ST ,SLATER,STORY
1331290180, 106 10TH AVE ,SLATER,STORY
1331290200, 102 10TH AVE REAR ,SLATER,STORY
1331290210, 10TH AVE ,SLATER,STORY
1331245230, 203 9TH AVE ,SLATER,STORY
1331245220, 201 9TH AVE ,SLATER,STORY
1331245210, 105 9TH AVE ,SLATER,STORY
1331245200, 103 9TH AVE ,SLATER,STORY
1331245270, 303 9TH AVE ,SLATER,STORY
1331280100, 304 9TH AVE ,SLATER,STORY
1331240140, 403 9TH AVE ,SLATER,STORY
1331245250, 207 9TH AVE ,SLATER,STORY
1331280120, 300 9TH AVE ,SLATER,STORY
1331225080, 300 6TH AVE ,SLATER,STORY
1331228100, 600 MARSHALL ST ,SLATER,STORY
1331227250, 601 MARSHALL ST ,SLATER,STORY
1331225090, 206 6TH AVE ,SLATER,STORY
1331205060, 813 S CARROLL ST ,SLATER,STORY
1331210270, 810 S CARROLL ST ,SLATER,STORY
1331212205, 632 GREENE ST ,SLATER,STORY
1331228160, 700 MARSHALL ST ,SLATER,STORY
1331210230, 613 8TH AVE ,SLATER,STORY
1331235130, 702 PARK CIR ,SLATER,STORY
1331235140, 701 PARK CIR ,SLATER,STORY
1331228250, 701 TAMA CIR ,SLATER,STORY
1331228280, 704 BENTON CIR ,SLATER,STORY
1331240130, 401 9TH AVE ,SLATER,STORY
1331280200, 100 9TH AVE ,SLATER,STORY
1331280300, 303 10TH AVE ,SLATER,STORY
1331280290, 301 10TH AVE ,SLATER,STORY
1331280280, 205 10TH AVE ,SLATER,STORY
1331270160, 402 10TH AVE ,SLATER,STORY
1331285120, 206 10TH AVE ,SLATER,STORY
1331285130, 204 10TH AVE ,SLATER,STORY
1331285140, 202 10TH AVE ,SLATER,STORY
1331290150, 202 10TH AVE ,SLATER,STORY
1331205010, 801 S CARROLL ST ,SLATER,STORY
1331210280, 808 S CARROLL ST ,SLATER,STORY
1331212197, 626 GREENE ST ,SLATER,STORY
1331210183, 627 GREENE ST ,SLATER,STORY
1331212200, 630 GREENE ST ,SLATER,STORY
1331230130, 402 7TH AVE ,SLATER,STORY
1331205070, 815 S CARROLL ST ,SLATER,STORY
1331210260, 812 S CARROLL ST ,SLATER,STORY
1331210195, 633 GREENE ST ,SLATER,STORY
1331228300, 702 BENTON CIR ,SLATER,STORY
1331228350, 703 LINN ST ,SLATER,STORY
1331228290, 703 BENTON CIR ,SLATER,STORY
1331205080, 901 FOUR MILE DR ,SLATER,STORY
1331280140, 204 9TH AVE ,SLATER,STORY
1331280150, 202 9TH AVE ,SLATER,STORY
1331280160, 200 9TH AVE ,SLATER,STORY
1331280170, 106 9TH AVE ,SLATER,STORY
1331200125, 601 STORY ST ,SLATER,STORY
1331225100, 302 6TH AVE ,SLATER,STORY
1331280240, 107 10TH AVE ,SLATER,STORY
1331280230, 105 10TH AVE ,SLATER,STORY
1331280250, 109 10TH AVE ,SLATER,STORY
1331280220, 103 10TH AVE ,SLATER,STORY
1331285190, 102 10TH AVE ,SLATER,STORY
1331285200, 100 10TH AVE ,SLATER,STORY
1331290110, 304 10TH AVE ,SLATER,STORY
1331210181, 625 GREENE ST ,SLATER,STORY
1331228150, 610 MARSHALL ST ,SLATER,STORY
1331230110, 404 7TH AVE ,SLATER,STORY
1331228170, 702 MARSHALL ST ,SLATER,STORY
1331210240, 615 8TH AVE ,SLATER,STORY
1331210200, 635 GREENE ST ,SLATER,STORY
1331228240, 702 TAMA CIR ,SLATER,STORY
1331210220, 611 8TH AVE ,SLATER,STORY
1331280130, 206 9TH AVE ,SLATER,STORY
1331275010, 400 9TH AVE UNIT 1 ,SLATER,STORY
1331280190, 102 9TH AVE ,SLATER,STORY
1331280310, 305 10TH AVE ,SLATER,STORY
1331280270, 203 10TH AVE ,SLATER,STORY
1331285110, 300 10TH AVE ,SLATER,STORY
1331285160, 108 10TH AVE ,SLATER,STORY
1331285180, 104 10TH AVE ,SLATER,STORY
1331290120, 300 10TH AVE ,SLATER,STORY
1331220120, 612 8TH AVE ,SLATER,STORY
1331235150, 700 PARK CIR ,SLATER,STORY
1331220090, 606 8TH AVE ,SLATER,STORY
1331245150, 200 8TH AVE ,SLATER,STORY
1331245170, 102 8TH AVE ,SLATER,STORY
1331228110, 602 MARSHALL ST ,SLATER,STORY
1331227240, 603 MARSHALL ST ,SLATER,STORY
1331228120, 604 MARSHALL ST ,SLATER,STORY
1331212186, 622 GREENE ST ,SLATER,STORY
1331227210, 609 MARSHALL ST ,SLATER,STORY
1331212196, 624 GREENE ST ,SLATER,STORY
1331290160, 200 10TH AVE ,SLATER,STORY
1331245260, 209 9TH AVE ,SLATER,STORY
1331245240, 205 9TH AVE ,SLATER,STORY
1331245190, 101 9TH AVE ,SLATER,STORY
1331280110, 302 9TH AVE ,SLATER,STORY
1331212105, 604 GREENE ST ,SLATER,STORY
1331225125, 200 6TH AVE ,SLATER,STORY
1331227200, 401 7TH AVE ,SLATER,STORY
1331210185, 629 GREENE ST ,SLATER,STORY
1331210190, 631 GREENE ST ,SLATER,STORY
1331212210, 634 GREENE ST ,SLATER,STORY
1331210250, 617 8TH AVE ,SLATER,STORY
1331228230, 703 TAMA CIR ,SLATER,STORY
1331228180, 704 MARSHALL ST ,SLATER,STORY
1331212215, 636 GREENE ST ,SLATER,STORY
1331228220, 704 TAMA CIR ,SLATER,STORY
1331280180, 104 9TH AVE ,SLATER,STORY
1331280260, 201 10TH AVE ,SLATER,STORY
1331280210, 101 10TH AVE ,SLATER,STORY
1331285100, 304 10TH AVE ,SLATER,STORY
1331275200, 400 10TH AVE ,SLATER,STORY
1331285150, 200 10TH AVE ,SLATER,STORY
1331285170, 106 10TH AVE ,SLATER,STORY
1331290140, 204 10TH AVE ,SLATER,STORY
1331210156, 623 GREENE ST ,SLATER,STORY
1331210106, 605 GREENE ST ,SLATER,STORY
1331210102, 601 GREENE ST ,SLATER,STORY
1329370160, 306 CEDAR ST ,SLATER,STORY
1329370150, 302 CEDAR ST ,SLATER,STORY
1329370140, 300 CEDAR ST ,SLATER,STORY
1329370130, 208 CEDAR ST ,SLATER,STORY
1329350240, 207 CEDAR ST ,SLATER,STORY
1329350250, 205 CEDAR ST ,SLATER,STORY
1329360225, 501 CEDAR ST ,SLATER,STORY
1329360235, 409 CEDAR ST ,SLATER,STORY
1329360245, 405 CEDAR ST ,SLATER,STORY
1329360205, 509 CEDAR ST ,SLATER,STORY
1329360190, 107 E 6TH AVE ,SLATER,STORY
1332100105, 600 LINN ST ,SLATER,STORY
1329370320, 500 CEDAR ST ,SLATER,STORY
1329370300, 500 CEDAR ST ,SLATER,STORY
1329370165, 308 CEDAR ST ,SLATER,STORY
1329370113, 204 CEDAR ST ,SLATER,STORY
1329350115, 202 LINN ST ,SLATER,STORY
1331227120, 604 STORY ST ,SLATER,STORY
1331227130, 606 STORY ST ,SLATER,STORY
1331227140, 608 STORY ST ,SLATER,STORY
1331227150, 407 7TH AVE ,SLATER,STORY
1331230100, 406 7TH AVE ,SLATER,STORY
1331240120, 400 8TH AVE ,SLATER,STORY
1331240110, 402 8TH AVE ,SLATER,STORY
1331240150, 405 9TH AVE ,SLATER,STORY
1329350130, 206 LINN ST ,SLATER,STORY
1329350270, 201 CEDAR ST ,SLATER,STORY
1329350200, 105 E 4TH AVE ,SLATER,STORY
1329350150, 302 LINN ST ,SLATER,STORY
1329360210, 505 CEDAR ST ,SLATER,STORY
1329360250, 401 CEDAR ST ,SLATER,STORY
1329360170, 103 E 6TH AVE ,SLATER,STORY
1329360090, 104 E 4TH AVE ,SLATER,STORY
1331240100, 404 8TH AVE ,SLATER,STORY
1331275130, 401 10TH AVE ,SLATER,STORY
1331275100, 406 9TH AVE ,SLATER,STORY
1331220070, 602 8TH AVE ,SLATER,STORY
1331270130, 409 10TH AVE CIR ,SLATER,STORY
1331265240, 1004 REDBUD DR ,SLATER,STORY
1331150010, 912 TRAIL DR ,SLATER,STORY
1331150020, 910 TRAIL DR ,SLATER,STORY
1331150060, 902 TRAIL DR ,SLATER,STORY
1331150130, 911 TRAIL DR ,SLATER,STORY
1331265080, 937 TRAIL DR ,SLATER,STORY
1331255060, 924 TRAIL DR ,SLATER,STORY
1331255075, 928 TRAIL DR ,SLATER,STORY
1331255150, 942 TRAIL DR ,SLATER,STORY
1331227110, 602 STORY ST ,SLATER,STORY
1331235110, 704 PARK CIR ,SLATER,STORY
1331200145, 502 7TH AVE LN ,SLATER,STORY
1331212240, 640 GREENE ST ,SLATER,STORY
1331245110, 302 8TH AVE ,SLATER,STORY
1331275140, 403 10TH AVE ,SLATER,STORY
1331220050, 506 8TH AVE ,SLATER,STORY
1331220020, 500 8TH AVE ,SLATER,STORY
1331270120, 411 10TH AVE CIR ,SLATER,STORY
1331150120, 909 TRAIL DR ,SLATER,STORY
1331150110, 907 TRAIL DR ,SLATER,STORY
1331255010, 914 TRAIL DR ,SLATER,STORY
1331255040, 920 TRAIL DR ,SLATER,STORY
1331255050, 922 TRAIL DR ,SLATER,STORY
1331255130, 938 TRAIL DR ,SLATER,STORY
1331255140, 940 TRAIL DR ,SLATER,STORY
1331260020, 915 TRAIL DR ,SLATER,STORY
1331260030, 917 TRAIL DR ,SLATER,STORY
1331260040, 919 TRAIL DR ,SLATER,STORY
1331260010, 913 TRAIL DR ,SLATER,STORY
1331265050, 931 TRAIL DR ,SLATER,STORY
1331265070, 935 TRAIL DR ,SLATER,STORY
1331265060, 933 TRAIL DR ,SLATER,STORY
1329370250, 404 CEDAR ST ,SLATER,STORY
1329370190, 402 CEDAR ST ,SLATER,STORY
1329370108, 202 CEDAR ST ,SLATER,STORY
1329350100, 200 LINN ST ,SLATER,STORY
1329350210, 107 E 4TH AVE ,SLATER,STORY
1329350185, 103 E 4TH AVE ,SLATER,STORY
1329350170, 308 LINN ST ,SLATER,STORY
1329360150, 504 LINN ST ,SLATER,STORY
1329360140, 502 LINN ST ,SLATER,STORY
1329360130, 408 LINN ST ,SLATER,STORY
1329360120, 406 LINN ST ,SLATER,STORY
1331212280, 501 8TH AVE ,SLATER,STORY
1331212270, 503 8TH AVE ,SLATER,STORY
1331212260, 505 8TH AVE ,SLATER,STORY
1331212250, 507 8TH AVE ,SLATER,STORY
1331270150, 405 10TH AVE CIR ,SLATER,STORY
1331220040, 504 8TH AVE ,SLATER,STORY
1331220010, 501 9TH AVE ,SLATER,STORY
1331270110, 413 10TH AVE CIR ,SLATER,STORY
1331270140, 407 10TH AVE CIR ,SLATER,STORY
1331270010, 939 TRAIL DR ,SLATER,STORY
1331150050, 904 TRAIL DR ,SLATER,STORY
1331255020, 916 TRAIL DR ,SLATER,STORY
1331255030, 918 TRAIL DR ,SLATER,STORY
1331255110, 934 TRAIL DR ,SLATER,STORY
1331255120, 936 TRAIL DR ,SLATER,STORY
1331265010, 923 TRAIL DR ,SLATER,STORY
1331265020, 925 TRAIL DR ,SLATER,STORY
1331200100, 600 6TH AVE ,SLATER,STORY
1331210104, 603 GREENE ST ,SLATER,STORY
1331210320, 800 S CARROLL ST ,SLATER,STORY
1331200155, 504 7TH AVE LN ,SLATER,STORY
1330450415, 507 BOONE ST ,SLATER,STORY
1330450520, 603 6TH AVE ,SLATER,STORY
1330465310, 505 STORY ST ,SLATER,STORY
1330450530, 605 6TH AVE ,SLATER,STORY
1330465400, 409 STORY ST ,SLATER,STORY
1330460240, 409 BOONE ST ,SLATER,STORY
1330460210, 403 BOONE ST ,SLATER,STORY
1330460100, 604 4TH AVE ,SLATER,STORY
1330458230, 305 STORY ST ,SLATER,STORY
1330458210, 301 STORY ST ,SLATER,STORY
1330458300, 601 4TH AVE ,SLATER,STORY
1330458130, 604 3RD AVE ,SLATER,STORY
1330458100, 608 3RD AVE ,SLATER,STORY
1330452340, 509 3RD AVE ,SLATER,STORY
1330452220, 201 STORY ST ,SLATER,STORY
1330452200, 508 2ND AVE ,SLATER,STORY
1330452440, 609 3RD AVE ,SLATER,STORY
1330452140, 602 2ND AVE ,SLATER,STORY
1330424307, 107 STORY ST ,SLATER,STORY
1330424315, 505 2ND AVE ,SLATER,STORY
1330424355, 105 STORY ST ,SLATER,STORY
1330424430, 607 2ND AVE ,SLATER,STORY
1330424120, 616 MAIN ST ,SLATER,STORY
1330424410, 603 2ND AVE ,SLATER,STORY
1330416450, 613 MAIN ST ,SLATER,STORY
1330416180, 107 N BOONE ST ,SLATER,STORY
1330416330, 509 MAIN ST ,SLATER,STORY
1330416285, 500 1ST AVE N ,SLATER,STORY
1330416265, 104 N BOONE ST ,SLATER,STORY
1330486220, 504 MARSHALL ST ,SLATER,STORY
1330486310, 509 TAMA ST ,SLATER,STORY
1330488310, 505 BENTON ST ,SLATER,STORY
1330484130, 406 STORY ST ,SLATER,STORY
1330484100, 402 STORY ST ,SLATER,STORY
1330486450, 401 TAMA ST ,SLATER,STORY
1330488120, 404 TAMA ST ,SLATER,STORY
1330450540, 607 6TH AVE ,SLATER,STORY
1330480420, 405 4TH AVE ,SLATER,STORY
1330480100, 410 3RD AVE ,SLATER,STORY
1330480320, 305 4TH AVE ,SLATER,STORY
1330482100, 305 BENTON ST ,SLATER,STORY
1330483240, 107 4TH AVE ,SLATER,STORY
1330475140, 201 MARSHALL ST ,SLATER,STORY
1330475205, 200 MARSHALL ST ,SLATER,STORY
1330475350, 206 MARSHALL ST ,SLATER,STORY
1330478420, 205 3RD AVE ,SLATER,STORY
1330478160, 201 BENTON ST ,SLATER,STORY
1330478330, 107 3RD AVE ,SLATER,STORY
1330435160, 400 MAIN ST ,SLATER,STORY
1330435100, 422 MAIN ST ,SLATER,STORY
1330435310, 105 TAMA ST ,SLATER,STORY
1330435230, 306 MAIN ST ,SLATER,STORY
1330435200, 312 MAIN ST ,SLATER,STORY
1330440120, 208 MAIN ST ,SLATER,STORY
1330440310, 101 2ND AVE ,SLATER,STORY
1330428410, 401 MAIN ST ,SLATER,STORY
1330450300, 606 5TH AVE ,SLATER,STORY
1330450310, 604 5TH AVE ,SLATER,STORY
1330450230, 407 GREENE ST ,SLATER,STORY
1330450220, 405 GREENE ST ,SLATER,STORY
1330450210, 403 GREENE ST ,SLATER,STORY
1330450200, 401 GREENE ST ,SLATER,STORY
1330460300, 605 5TH AVE ,SLATER,STORY
1330460320, 402 GREENE ST ,SLATER,STORY
1330458320, 605 4TH AVE ,SLATER,STORY
1330458330, 607 4TH AVE ,SLATER,STORY
1330458340, 609 4TH AVE ,SLATER,STORY
1330458150, 600 3RD AVE ,SLATER,STORY
1330452400, 601 3RD AVE ,SLATER,STORY
1330452410, 603 3RD AVE ,SLATER,STORY
1330452420, 605 3RD AVE ,SLATER,STORY
1330452430, 607 3RD AVE ,SLATER,STORY
1330424320, 509 2ND AVE ,SLATER,STORY
1330424230, 101 STORY ST ,SLATER,STORY
1330424220, 504 MAIN ST ,SLATER,STORY
1330424210, 506 MAIN ST ,SLATER,STORY
1330424455, 611 2ND AVE ,SLATER,STORY
1330424160, 101 BOONE ST ,SLATER,STORY
1330465200, 500 BOONE ST ,SLATER,STORY
1330465210, 502 BOONE ST ,SLATER,STORY
1330465230, 504 BOONE ST ,SLATER,STORY
1330465300, 507 STORY ST ,SLATER,STORY
1330465440, 401 STORY ST ,SLATER,STORY
1330465130, 408 BOONE ST ,SLATER,STORY
1330465120, 406 BOONE ST ,SLATER,STORY
1330424150, 604 MAIN ST ,SLATER,STORY
1330424140, 608 MAIN ST ,SLATER,STORY
1330416150, 106 N GREENE ST ,SLATER,STORY
1330416315, 501 MAIN ST ,SLATER,STORY
1330416310, 103 N STORY ST ,SLATER,STORY
1330484310, 509 MARSHALL ST ,SLATER,STORY
1330484320, 505 MARSHALL ST ,SLATER,STORY
1330484340, 501 MARSHALL ST ,SLATER,STORY
1330484345, 404 5TH AVE ,SLATER,STORY
1330484420, 407 MARSHALL ST ,SLATER,STORY
1330484440, 401 MARSHALL ST ,SLATER,STORY
1330484150, 410 STORY ST ,SLATER,STORY
1330488400, 411 BENTON ST ,SLATER,STORY
1330488420, 407 BENTON ST ,SLATER,STORY
1330488430, 403 BENTON ST ,SLATER,STORY
1330480350, 311 4TH AVE ,SLATER,STORY
1330480250, 301 TAMA ST ,SLATER,STORY
1330480240, 302 3RD AVE ,SLATER,STORY
1330480220, 308 3RD AVE ,SLATER,STORY
1330480200, 310 MARSHALL ST ,SLATER,STORY
1330428440, 413 MAIN ST ,SLATER,STORY
1330428460, 421 MAIN ST ,SLATER,STORY
1330428320, 313 MAIN ST ,SLATER,STORY
1330428340, 317 MAIN ST ,SLATER,STORY
1330430425, 205 MAIN ST ,SLATER,STORY
1330430440, 211 MAIN ST ,SLATER,STORY
1330430320, 107 MAIN ST ,SLATER,STORY
1330430210, 104 N BENTON ST ,SLATER,STORY
1330425120, 405 1ST AVE N ,SLATER,STORY
1330406220, 505 1ST AVE N ,SLATER,STORY
1330406110, 615 1ST AVE N ,SLATER,STORY
1330465110, 402 BOONE ST ,SLATER,STORY
1330458240, 505 4TH AVE ,SLATER,STORY
1330458250, 507 4TH AVE ,SLATER,STORY
1330458220, 303 STORY ST ,SLATER,STORY
1330458265, 304 BOONE ST ,SLATER,STORY
1330452310, 207 STORY ST ,SLATER,STORY
1330452330, 505 3RD AVE ,SLATER,STORY
1330452120, 606 2ND AVE ,SLATER,STORY
1330452100, 608 2ND AVE ,SLATER,STORY
1330424400, 107 BOONE ST ,SLATER,STORY
1330416410, 601 MAIN ST ,SLATER,STORY
1330416420, 605 MAIN ST ,SLATER,STORY
1330416430, 607 MAIN ST ,SLATER,STORY
1330416435, 609 MAIN ST ,SLATER,STORY
1330416280, 502 1ST AVE N ,SLATER,STORY
1330416270, 504 1ST AVE N ,SLATER,STORY
1330416260, 108 N BOONE ST ,SLATER,STORY
1330486340, 501 TAMA ST ,SLATER,STORY
1330488220, 205 6TH AVE ,SLATER,STORY
1330488210, 504 TAMA ST ,SLATER,STORY
1330475120, 404 2ND AVE ,SLATER,STORY
1330475110, 200 STORY ST ,SLATER,STORY
1330475250, 201 TAMA ST ,SLATER,STORY
1330475240, 302 2ND AVE ,SLATER,STORY
1330478450, 211 3RD AVE ,SLATER,STORY
1330478140, 204 2ND AVE ,SLATER,STORY
1330478120, 206 2ND AVE ,SLATER,STORY
1330435430, 405 2ND AVE ,SLATER,STORY
1330435450, 409 2ND AVE ,SLATER,STORY
1330435125, 412 MAIN ST ,SLATER,STORY
1330435120, 416 MAIN ST ,SLATER,STORY
1330440407, 205 2ND AVE ,SLATER,STORY
1330440420, 211 2ND AVE ,SLATER,STORY
1330440425, 104 TAMA ST ,SLATER,STORY
1330440140, 101 BENTON ST ,SLATER,STORY
1330428115, 102 MARSHALL ST ,SLATER,STORY
1330428108, 404 1ST AVE N ,SLATER,STORY
1330428100, 106 N STORY ST ,SLATER,STORY
1330428310, 307 MAIN ST ,SLATER,STORY
1330430140, 107 N BENTON ST ,SLATER,STORY
1330488200, 500 TAMA ST ,SLATER,STORY
1330486130, 410 MARSHALL ST ,SLATER,STORY
1330486120, 406 MARSHALL ST ,SLATER,STORY
1330486100, 400 MARSHALL ST ,SLATER,STORY
1330486400, 411 TAMA ST ,SLATER,STORY
1330480150, 301 MARSHALL ST ,SLATER,STORY
1330480140, 402 3RD AVE ,SLATER,STORY
1330480115, 406 3RD AVE ,SLATER,STORY
1330480110, 304 STORY ST ,SLATER,STORY
1330483200, 303 LINN ST ,SLATER,STORY
1330483120, 301 LINN ST ,SLATER,STORY
1330483100, 106 3RD AVE ,SLATER,STORY
1330475310, 305 3RD AVE ,SLATER,STORY
1330475330, 307 3RD AVE ,SLATER,STORY
1330475220, 306 2ND AVE ,SLATER,STORY
1330475215, 308 2ND AVE ,SLATER,STORY
1330478230, 201 LINN ST ,SLATER,STORY
1330478220, 202 BENTON ST ,SLATER,STORY
1330478210, 106 2ND AVE ,SLATER,STORY
1330435143, 406 MAIN ST ,SLATER,STORY
1330430120, 204 1ST AVE N ,SLATER,STORY
1330430110, 208 1ST AVE N ,SLATER,STORY
1330430105, 104 N TAMA ST ,SLATER,STORY
1330430101, 106 N TAMA ST ,SLATER,STORY
1330425215, 101 1ST AVE N ,SLATER,STORY
1330425110, 407 1ST AVE N ,SLATER,STORY
1330406230, 501 1ST AVE N ,SLATER,STORY
1330435135, 408 MAIN ST ,SLATER,STORY
1330435330, 305 2ND AVE ,SLATER,STORY
1330435340, 309 2ND AVE ,SLATER,STORY
1330435350, 311 2ND AVE ,SLATER,STORY
1330435250, 101 TAMA ST ,SLATER,STORY
1330440320, 105 2ND AVE ,SLATER,STORY
1330440330, 107 2ND AVE ,SLATER,STORY
1330440220, 100 MAIN ST ,SLATER,STORY
1330440200, 104 MAIN ST ,SLATER,STORY
1330428360, 321 MAIN ST ,SLATER,STORY
1330428205, 318 1ST AVE N ,SLATER,STORY
1330430200, 106 N BENTON ST ,SLATER,STORY
1330406150, 601 1ST AVE N ,SLATER,STORY
1330406145, 603 1ST AVE N ,SLATER,STORY
1330406130, 611 1ST AVE N ,SLATER,STORY
1329350230, 303 CEDAR ST ,SLATER,STORY
1329370310, 500 CEDAR ST ,SLATER,STORY
1329370185, 400 CEDAR ST ,SLATER,STORY
1329370125, 206 CEDAR ST ,SLATER,STORY
1329350125, 204 LINN ST ,SLATER,STORY
1329350140, 208 LINN ST ,SLATER,STORY
1329350260, 203 CEDAR ST ,SLATER,STORY
1329350165, 306 LINN ST ,SLATER,STORY
1329360180, 105 E 6TH AVE ,SLATER,STORY
1329360160, 101 E 6TH AVE ,SLATER,STORY
1329360110, 402 LINN ST ,SLATER,STORY
1329360080, 400 LINN ST ,SLATER,STORY
1331227100, 600 STORY ST ,SLATER,STORY
1331235120, 703 PARK CIR ,SLATER,STORY
1331235100, 705 PARK CIR ,SLATER,STORY
1331245120, 300 8TH AVE ,SLATER,STORY
1331245100, 304 8TH AVE ,SLATER,STORY
1331220060, 600 8TH AVE ,SLATER,STORY
1331220030, 502 8TH AVE ,SLATER,STORY
1331150030, 908 TRAIL DR ,SLATER,STORY
1331150040, 906 TRAIL DR ,SLATER,STORY
1331150090, 903 TRAIL DR ,SLATER,STORY
1331150080, 901 TRAIL DR ,SLATER,STORY
1331150100, 905 TRAIL DR ,SLATER,STORY
1331255090, 930 TRAIL DR ,SLATER,STORY
1331255100, 932 TRAIL DR ,SLATER,STORY
1331260050, 921 TRAIL DR ,SLATER,STORY
1331265030, 927 TRAIL DR ,SLATER,STORY
1331265040, 929 TRAIL DR ,SLATER,STORY
1330450400, 501 BOONE ST ,SLATER,STORY
1330465320, 501 STORY ST ,SLATER,STORY
1330465410, 407 STORY ST ,SLATER,STORY
1330465420, 405 STORY ST ,SLATER,STORY
1330465100, 400 BOONE ST ,SLATER,STORY
1330460220, 407 BOONE ST ,SLATER,STORY
1330460200, 401 BOONE ST ,SLATER,STORY
1330460310, 607 5TH AVE ,SLATER,STORY
1330458200, 506 3RD AVE ,SLATER,STORY
1330458310, 603 4TH AVE ,SLATER,STORY
1330458140, 602 3RD AVE ,SLATER,STORY
1330458120, 606 3RD AVE ,SLATER,STORY
1330452225, 203 STORY ST ,SLATER,STORY
1330452210, 506 2ND AVE ,SLATER,STORY
1330452150, 201 BOONE ST ,SLATER,STORY
1330452130, 604 2ND AVE ,SLATER,STORY
1330424200, 508 MAIN ST ,SLATER,STORY
1330424420, 605 2ND AVE ,SLATER,STORY
1330424440, 609 2ND AVE ,SLATER,STORY
1330424130, 612 MAIN ST ,SLATER,STORY
1330424100, 100 GREENE ST ,SLATER,STORY
1330416445, 611 MAIN ST ,SLATER,STORY
1330416185, 105 N BOONE ST ,SLATER,STORY
1330416170, 602 1ST AVE N ,SLATER,STORY
1330416320, 507 MAIN ST ,SLATER,STORY
1330416295, 105 N STORY ST ,SLATER,STORY
1330484200, 500 STORY ST ,SLATER,STORY
1330484220, 504 STORY ST ,SLATER,STORY
1330486235, 305 6TH AVE ,SLATER,STORY
1330486200, 500 MARSHALL ST ,SLATER,STORY
1330486320, 505 TAMA ST ,SLATER,STORY
1330488300, 509 BENTON ST ,SLATER,STORY
1330488330, 501 BENTON ST ,SLATER,STORY
1330484120, 404 STORY ST ,SLATER,STORY
1330484410, 401 5TH AVE ,SLATER,STORY
1330486430, 405 TAMA ST ,SLATER,STORY
1330488130, 410 TAMA ST ,SLATER,STORY
1330488100, 400 TAMA ST ,SLATER,STORY
1330480400, 403 4TH AVE ,SLATER,STORY
1330480430, 407 4TH AVE ,SLATER,STORY
1330480300, 307 TAMA ST ,SLATER,STORY
1330480330, 307 4TH AVE ,SLATER,STORY
1330483220, 101 4TH AVE ,SLATER,STORY
1330483260, 306 BENTON ST ,SLATER,STORY
1330475400, 207 MARSHALL ST ,SLATER,STORY
1330475300, 207 TAMA ST ,SLATER,STORY
1330478400, 201 3RD AVE ,SLATER,STORY
1330478440, 207 3RD AVE ,SLATER,STORY
1330478100, 200 TAMA ST ,SLATER,STORY
1330478300, 205 LINN ST ,SLATER,STORY
1330435405, 105 MARSHALL ST ,SLATER,STORY
1330435415, 107 MARSHALL ST ,SLATER,STORY
1330435150, 402 MAIN ST ,SLATER,STORY
1330435130, 410 MAIN ST ,SLATER,STORY
1330435110, 418 MAIN ST ,SLATER,STORY
1330435315, 107 TAMA ST ,SLATER,STORY
1330435210, 308 MAIN ST ,SLATER,STORY
1330440415, 107 BENTON ST ,SLATER,STORY
1330440130, 206 MAIN ST ,SLATER,STORY
1330440100, 102 TAMA ST ,SLATER,STORY
1330428425, 405 MAIN ST ,SLATER,STORY
1330428445, 417 MAIN ST ,SLATER,STORY
1330428330, 315 MAIN ST ,SLATER,STORY
1330428350, 319 MAIN ST ,SLATER,STORY
1330430430, 207 MAIN ST ,SLATER,STORY
1330430300, 101 MAIN ST ,SLATER,STORY
1330425130, 401 1ST AVE N ,SLATER,STORY
1330406120, 613 1ST AVE N ,SLATER,STORY
1330406100, 617 1ST AVE N ,SLATER,STORY
1329350215, 305 CEDAR ST ,SLATER,STORY
1331225135, 603 LINN ST ,SLATER,STORY
1331225155, 701 LINN ST ,SLATER,STORY
1330429310, 310 1ST AVE N ,SLATER,STORY
1330429314, 314 1ST AVE N ,SLATER,STORY
1331225130, 100 6TH AVE ,SLATER,STORY
1331225145, 605 LINN ST ,SLATER,STORY
1330490400, 501 LINN ST ,SLATER,STORY
1330414105, 700 1ST AVE N ,SLATER,STORY
1330422100, 101 GREENE ST ,SLATER,STORY
1330450105, 105 GREENE ST ,SLATER,STORY
1330429312, 312 1ST AVE N ,SLATER,STORY
1330429316, 316 1ST AVE N ,SLATER,STORY
1330450120, 201 GREENE ST ,SLATER,STORY
1330484240, 407 6TH AVE ,SLATER,STORY
1329360185, 107 E 6TH AVE ,SLATER,STORY
1330428455, 417 MAIN ST ,SLATER,STORY
1331275020, 400 9TH AVE UNIT 2 ,SLATER,STORY
1331275030, 400 9TH AVE UNIT 3 ,SLATER,STORY
1331275040, 400 9TH AVE UNIT 4 ,SLATER,STORY
1331272110, 600 11TH AVE ,SLATER,STORY
1331270030, 1102 DOGWOOD DR ,SLATER,STORY
1331265160, 615 11TH AVE ,SLATER,STORY
1331260140, 1017 REDBUD DR ,SLATER,STORY
1331265090, 601 11TH AVE ,SLATER,STORY
1331265100, 603 11TH AVE ,SLATER,STORY
1331265110, 605 11TH AVE ,SLATER,STORY
1331265120, 607 11TH AVE ,SLATER,STORY
1331265130, 609 11TH AVE ,SLATER,STORY
1331265140, 611 11TH AVE ,SLATER,STORY
1331265150, 613 11TH AVE ,SLATER,STORY
1331270020, 1100 DOGWOOD DR ,SLATER,STORY
1331272010, 702 11TH AVE ,SLATER,STORY
1331272020, 700 11TH AVE ,SLATER,STORY
1331272030, 616 11TH AVE ,SLATER,STORY
1331272040, 614 11TH AVE ,SLATER,STORY
1331272050, 612 11TH AVE ,SLATER,STORY
1331272060, 610 11TH AVE ,SLATER,STORY
1331272070, 608 11TH AVE ,SLATER,STORY
1331272080, 606 11TH AVE ,SLATER,STORY
1331272090, 604 11TH AVE ,SLATER,STORY
1331272100, 602 11TH AVE ,SLATER,STORY
1329360070, 104 E 4TH AVE ,SLATER,STORY
1331260110, 1013 REDBUD DR ,SLATER,STORY
1331260060, 1003 REDBUD DR ,SLATER,STORY
1331260070, 1005 REDBUD DR ,SLATER,STORY
1331260080, 1007 REDBUD DR ,SLATER,STORY
1331260090, 1009 REDBUD DR ,SLATER,STORY
1331260100, 1011 REDBUD DR ,SLATER,STORY
1331260120, 1015 REDBUD DR ,SLATER,STORY
1331265170, 1018 REDBUD CIR ,SLATER,STORY
1331265180, 1016 REDBUD CIR ,SLATER,STORY
1331265190, 1014 REDBUD CIR ,SLATER,STORY
1331265200, 1012 REDBUD CIR ,SLATER,STORY
1331265210, 1010 REDBUD CIR ,SLATER,STORY
1331265220, 1008 REDBUD CIR ,SLATER,STORY
1331265230, 1006 REDBUD CIR ,SLATER,STORY
1331265250, 1002 REDBUD DR ,SLATER,STORY
